<?xml version="1.0"?>
<XmlSerialDicOfStringMiniCavity>
  <item>
    <key>
      <string>小腔体一</string>
    </key>
    <value>
      <MiniCavity xmlns:xsi="http://www.w3.org/2001/XMLSchema-instance" xmlns:xsd="http://www.w3.org/2001/XMLSchema">
        <CraftStatus>Waiting</CraftStatus>
        <CarrierId>5</CarrierId>
        <ProduceId>0</ProduceId>
        <WorkState>Handle</WorkState>
        <LstTemp />
        <VacuumValue>0</VacuumValue>
        <PreHeatTime>0</PreHeatTime>
        <PickVacuumTime>0</PickVacuumTime>
        <KeepPressTime>94</KeepPressTime>
        <LstCellInfos />
        <RankCodeArray>
          <short>0</short>
          <short>1</short>
          <short>2</short>
          <short>3</short>
          <short>4</short>
          <short>5</short>
          <short>6</short>
          <short>7</short>
        </RankCodeArray>
        <CellCountArray>
          <short>0</short>
          <short>0</short>
          <short>0</short>
          <short>0</short>
        </CellCountArray>
        <SwitchStatusArray>
          <short>0</short>
          <short>0</short>
          <short>0</short>
          <short>0</short>
          <short>0</short>
        </SwitchStatusArray>
        <IsLoadConfirm>false</IsLoadConfirm>
        <IsInsertDB>false</IsInsertDB>
        <IsMesSend>false</IsMesSend>
        <IsAddCarrierModel>false</IsAddCarrierModel>
        <CurrentlstTemp />
        <IsUpdateEndTime>false</IsUpdateEndTime>
        <IsWaitingClear>false</IsWaitingClear>
      </MiniCavity>
    </value>
  </item>
</XmlSerialDicOfStringMiniCavity>