<?xml version="1.0"?>
<ArrayOfPLCModel xmlns:xsi="http://www.w3.org/2001/XMLSchema-instance" xmlns:xsd="http://www.w3.org/2001/XMLSchema">
  <PLCModel>
    <ModelName>上料位</ModelName>
    <StartPosition>1</StartPosition>
    <PartNum>D</PartNum>
    <Length>50</Length>
    <ModelType>Information</ModelType>
    <IsCircleRead>true</IsCircleRead>
    <LstField>
      <PLCField>
        <FieldName>工位状态</FieldName>
        <Key>LoadStationStatus</Key>
        <FStartPosition>1</FStartPosition>
        <FLength>1</FLength>
        <RwType>Int16</RwType>
        <UnitStr />
      </PLCField>
      <PLCField>
        <FieldName>运行状态</FieldName>
        <Key>LoadStationRunStatus</Key>
        <FStartPosition>2</FStartPosition>
        <FLength>1</FLength>
        <RwType>Int16</RwType>
        <UnitStr />
      </PLCField>
      <PLCField>
        <FieldName>小车ID</FieldName>
        <Key>LoadStationCarId</Key>
        <FStartPosition>3</FStartPosition>
        <FLength>1</FLength>
        <RwType>Int16</RwType>
        <UnitStr />
      </PLCField>
      <PLCField>
        <FieldName>小车层板个数</FieldName>
        <Key>LoadStationCarLayerCount</Key>
        <FStartPosition>4</FStartPosition>
        <FLength>1</FLength>
        <RwType>Int16</RwType>
        <UnitStr />
      </PLCField>
    </LstField>
    <LstArrField />
  </PLCModel>
  <PLCModel>
    <ModelName>腔体一</ModelName>
    <StartPosition>51</StartPosition>
    <PartNum>D</PartNum>
    <Length>50</Length>
    <ModelType>Information</ModelType>
    <IsCircleRead>true</IsCircleRead>
    <LstField>
      <PLCField>
        <FieldName>工位状态</FieldName>
        <Key>C1Status</Key>
        <FStartPosition>51</FStartPosition>
        <FLength>1</FLength>
        <RwType>Int16</RwType>
        <UnitStr />
      </PLCField>
      <PLCField>
        <FieldName>运行状态</FieldName>
        <Key>C1RunStatus</Key>
        <FStartPosition>52</FStartPosition>
        <FLength>1</FLength>
        <RwType>Int16</RwType>
        <UnitStr />
      </PLCField>
      <PLCField>
        <FieldName>小车Id</FieldName>
        <Key>C1CarId</Key>
        <FStartPosition>53</FStartPosition>
        <FLength>1</FLength>
        <RwType>Int16</RwType>
        <UnitStr />
      </PLCField>
    </LstField>
    <LstArrField />
  </PLCModel>
  <PLCModel>
    <ModelName>腔体二</ModelName>
    <StartPosition>101</StartPosition>
    <PartNum>D</PartNum>
    <Length>50</Length>
    <ModelType>Information</ModelType>
    <IsCircleRead>true</IsCircleRead>
    <LstField>
      <PLCField>
        <FieldName>工位状态</FieldName>
        <Key>C2Status</Key>
        <FStartPosition>101</FStartPosition>
        <FLength>1</FLength>
        <RwType>Int16</RwType>
        <UnitStr />
      </PLCField>
      <PLCField>
        <FieldName>运行状态</FieldName>
        <Key>C2RunStatus</Key>
        <FStartPosition>102</FStartPosition>
        <FLength>1</FLength>
        <RwType>Int16</RwType>
        <UnitStr />
      </PLCField>
    </LstField>
    <LstArrField />
  </PLCModel>
  <PLCModel>
    <ModelName>腔体三</ModelName>
    <StartPosition>101</StartPosition>
    <PartNum>D</PartNum>
    <Length>50</Length>
    <ModelType>Information</ModelType>
    <IsCircleRead>true</IsCircleRead>
    <LstField />
    <LstArrField />
  </PLCModel>
  <PLCModel>
    <ModelName>腔体四</ModelName>
    <StartPosition>151</StartPosition>
    <PartNum>D</PartNum>
    <Length>50</Length>
    <ModelType>Information</ModelType>
    <IsCircleRead>true</IsCircleRead>
    <LstField />
    <LstArrField />
  </PLCModel>
  <PLCModel>
    <ModelName>腔体五</ModelName>
    <StartPosition>201</StartPosition>
    <PartNum>D</PartNum>
    <Length>50</Length>
    <ModelType>Information</ModelType>
    <IsCircleRead>true</IsCircleRead>
    <LstField />
    <LstArrField />
  </PLCModel>
  <PLCModel>
    <ModelName>腔体六</ModelName>
    <StartPosition>251</StartPosition>
    <PartNum>D</PartNum>
    <Length>50</Length>
    <ModelType>Information</ModelType>
    <IsCircleRead>true</IsCircleRead>
    <LstField />
    <LstArrField />
  </PLCModel>
  <PLCModel>
    <ModelName>下料位</ModelName>
    <StartPosition>301</StartPosition>
    <PartNum>D</PartNum>
    <Length>50</Length>
    <ModelType>Information</ModelType>
    <IsCircleRead>true</IsCircleRead>
    <LstField />
    <LstArrField />
  </PLCModel>
  <PLCModel>
    <ModelName>缓存位</ModelName>
    <StartPosition>351</StartPosition>
    <PartNum>D</PartNum>
    <Length>50</Length>
    <ModelType>Information</ModelType>
    <IsCircleRead>true</IsCircleRead>
    <LstField />
    <LstArrField />
  </PLCModel>
</ArrayOfPLCModel>