<?xml version="1.0"?>
<ArrayOfPLCModel xmlns:xsi="http://www.w3.org/2001/XMLSchema-instance" xmlns:xsd="http://www.w3.org/2001/XMLSchema">
  <PLCModel>
    <ModelName>小腔体一</ModelName>
    <StartPosition>77</StartPosition>
    <PartNum>D</PartNum>
    <Length>44</Length>
    <ModelType>Information</ModelType>
    <IsCircleRead>true</IsCircleRead>
    <LstField>
      <PLCField>
        <FieldName>工艺状态</FieldName>
        <Key>Craft_Status</Key>
        <FStartPosition>93</FStartPosition>
        <FLength>1</FLength>
        <RwType>Int16</RwType>
        <UnitStr />
      </PLCField>
      <PLCField>
        <FieldName>机器状态</FieldName>
        <Key>Machine_Status</Key>
        <FStartPosition>108</FStartPosition>
        <FLength>1</FLength>
        <RwType>Int16</RwType>
        <UnitStr />
      </PLCField>
      <PLCField>
        <FieldName>预热时间</FieldName>
        <Key>PreHeat_Time</Key>
        <FStartPosition>94</FStartPosition>
        <FLength>1</FLength>
        <RwType>Int16</RwType>
        <UnitStr />
      </PLCField>
      <PLCField>
        <FieldName>抽真空时间</FieldName>
        <Key>PumpVacuumTime</Key>
        <FStartPosition>95</FStartPosition>
        <FLength>1</FLength>
        <RwType>Int16</RwType>
        <UnitStr />
      </PLCField>
      <PLCField>
        <FieldName>保压时间</FieldName>
        <Key>KeepPress_Time</Key>
        <FStartPosition>96</FStartPosition>
        <FLength>1</FLength>
        <RwType>Int16</RwType>
        <UnitStr />
      </PLCField>
    </LstField>
    <LstArrField>
      <PLCFieldArray>
        <FieldArrayName>温度数组</FieldArrayName>
        <Key>Temperature_Arr</Key>
        <FAStartPosition>77</FAStartPosition>
        <FALength>14</FALength>
        <RwArrType>ArrayInt16</RwArrType>
      </PLCFieldArray>
      <PLCFieldArray>
        <FieldArrayName>层板电池个数</FieldArrayName>
        <Key>LayerCellCount_Arr</Key>
        <FAStartPosition>97</FAStartPosition>
        <FALength>4</FALength>
        <RwArrType>ArrayInt16</RwArrType>
      </PLCFieldArray>
      <PLCFieldArray>
        <FieldArrayName>热板开关状态</FieldArrayName>
        <Key>SwitchStatus_Arr</Key>
        <FAStartPosition>102</FAStartPosition>
        <FALength>5</FALength>
        <RwArrType>ArrayInt16</RwArrType>
      </PLCFieldArray>
      <PLCFieldArray>
        <FieldArrayName>腔体编码数组</FieldArrayName>
        <Key>CellRank_Arr</Key>
        <FAStartPosition>109</FAStartPosition>
        <FALength>8</FALength>
        <RwArrType>ArrayInt16</RwArrType>
      </PLCFieldArray>
    </LstArrField>
  </PLCModel>
  <PLCModel>
    <ModelName>小腔体报警</ModelName>
    <StartPosition>121</StartPosition>
    <PartNum>D</PartNum>
    <Length>30</Length>
    <ModelType>WarnInfo</ModelType>
    <IsCircleRead>true</IsCircleRead>
    <LstField>
      <PLCField>
        <FieldName>一层温度报警</FieldName>
        <Key>Temperature_1</Key>
        <FStartPosition>121</FStartPosition>
        <FLength>1</FLength>
        <RwType>Int16</RwType>
        <UnitStr />
      </PLCField>
      <PLCField>
        <FieldName>二层温度报警</FieldName>
        <Key>Temperature_2</Key>
        <FStartPosition>122</FStartPosition>
        <FLength>1</FLength>
        <RwType>Int16</RwType>
        <UnitStr />
      </PLCField>
      <PLCField>
        <FieldName>三层温度报警</FieldName>
        <Key>Temperature_3</Key>
        <FStartPosition>123</FStartPosition>
        <FLength>1</FLength>
        <RwType>Int16</RwType>
        <UnitStr />
      </PLCField>
      <PLCField>
        <FieldName>四层温度报警</FieldName>
        <Key>Temperature_4</Key>
        <FStartPosition>124</FStartPosition>
        <FLength>1</FLength>
        <RwType>Int16</RwType>
        <UnitStr />
      </PLCField>
      <PLCField>
        <FieldName>五层温度报警</FieldName>
        <Key>Temperature_5</Key>
        <FStartPosition>125</FStartPosition>
        <FLength>1</FLength>
        <RwType>Int16</RwType>
        <UnitStr />
      </PLCField>
      <PLCField>
        <FieldName>真空异常</FieldName>
        <Key>VacuumException</Key>
        <FStartPosition>126</FStartPosition>
        <FLength>1</FLength>
        <RwType>Int16</RwType>
        <UnitStr />
      </PLCField>
      <PLCField>
        <FieldName>电池加热超时</FieldName>
        <Key>HeatLong</Key>
        <FStartPosition>127</FStartPosition>
        <FLength>1</FLength>
        <RwType>Int16</RwType>
        <UnitStr />
      </PLCField>
      <PLCField>
        <FieldName>门禁报警</FieldName>
        <Key>DoorAlarm</Key>
        <FStartPosition>128</FStartPosition>
        <FLength>1</FLength>
        <RwType>Int16</RwType>
        <UnitStr />
      </PLCField>
      <PLCField>
        <FieldName>风扇报警</FieldName>
        <Key>FanAlarm</Key>
        <FStartPosition>129</FStartPosition>
        <FLength>1</FLength>
        <RwType>Int16</RwType>
        <UnitStr />
      </PLCField>
      <PLCField>
        <FieldName>220V辅助触点报警</FieldName>
        <Key>HelpAlarm</Key>
        <FStartPosition>130</FStartPosition>
        <FLength>1</FLength>
        <RwType>Int16</RwType>
        <UnitStr />
      </PLCField>
    </LstField>
    <LstArrField />
  </PLCModel>
</ArrayOfPLCModel>