<?xml version="1.0"?>
<SaveData xmlns:xsi="http://www.w3.org/2001/XMLSchema-instance" xmlns:xsd="http://www.w3.org/2001/XMLSchema">
  <SaveTimeFlag />
  <ClearDBLogFlag />
  <WarnSecondTime>0</WarnSecondTime>
  <HandSecondTime>0</HandSecondTime>
  <AutoSecondTime>0</AutoSecondTime>
  <CraftBeginFlag>6</CraftBeginFlag>
  <LoadConnectFlag>0</LoadConnectFlag>
  <UnLoadConnectFlag>0</UnLoadConnectFlag>
  <UpdateBeginTimeFlag>5</UpdateBeginTimeFlag>
  <ClearCarInfoFlag>0</ClearCarInfoFlag>
  <UpdateBeginTimeFlag1>0</UpdateBeginTimeFlag1>
  <UpdateBeginTimeFlag2>0</UpdateBeginTimeFlag2>
  <UpdateBeginTimeFlag3>0</UpdateBeginTimeFlag3>
  <UpdateBeginTimeFlag4>0</UpdateBeginTimeFlag4>
  <DT_Mes_Flag>0</DT_Mes_Flag>
  <UnLoadComplete>0</UnLoadComplete>
  <Cavity1Flag>0</Cavity1Flag>
  <Cavity2Flag>0</Cavity2Flag>
  <Cavity3Flag>0</Cavity3Flag>
  <Cavity4Flag>0</Cavity4Flag>
  <Cavity5Flag>5</Cavity5Flag>
  <Cavity6Flag>5</Cavity6Flag>
  <UpdateEndTimeFlag>0</UpdateEndTimeFlag>
  <ListScanCell />
  <TotalScanCodeCount>7774</TotalScanCodeCount>
  <TotalScanCodeOkCount>236</TotalScanCodeOkCount>
  <TotalScanCodeErrorCount>0</TotalScanCodeErrorCount>
  <CurrentRankCode>7785</CurrentRankCode>
  <ListCurrentAlarm>
    <AlarmRule>
      <PlcAddress>129</PlcAddress>
      <AlarmContent>风扇报警</AlarmContent>
      <AlarmStationNum>小腔体一</AlarmStationNum>
      <AlarmTime>2019-10-10T15:40:39.042396+08:00</AlarmTime>
      <DBId>0</DBId>
    </AlarmRule>
    <AlarmRule>
      <PlcAddress>127</PlcAddress>
      <AlarmContent>电池加热超时</AlarmContent>
      <AlarmStationNum>小腔体一</AlarmStationNum>
      <AlarmTime>2019-10-10T15:40:44.0537117+08:00</AlarmTime>
      <DBId>0</DBId>
    </AlarmRule>
    <AlarmRule>
      <PlcAddress>122</PlcAddress>
      <AlarmContent>二层温度报警超温</AlarmContent>
      <AlarmStationNum>小腔体一</AlarmStationNum>
      <AlarmTime>2019-10-10T15:40:49.0538699+08:00</AlarmTime>
      <DBId>0</DBId>
    </AlarmRule>
    <AlarmRule>
      <PlcAddress>128</PlcAddress>
      <AlarmContent>门禁报警</AlarmContent>
      <AlarmStationNum>小腔体一</AlarmStationNum>
      <AlarmTime>2019-10-10T15:40:49.0538699+08:00</AlarmTime>
      <DBId>0</DBId>
    </AlarmRule>
  </ListCurrentAlarm>
  <ListModelInfo>
    <CellModelInfo>
      <CellModelNum>sdfg</CellModelNum>
      <CellLength>12</CellLength>
      <CellWidth>23</CellWidth>
      <CellHeight>12</CellHeight>
      <JiErLength>324</JiErLength>
      <SideWidth>43</SideWidth>
      <AirWidth>45</AirWidth>
      <ScanType>反面</ScanType>
      <CellColor>黑色</CellColor>
      <CraftTime>0</CraftTime>
      <CraftTemp>0</CraftTemp>
      <HighTempWarn>0</HighTempWarn>
      <HighTempInfo>0</HighTempInfo>
      <LowerTempWarn>0</LowerTempWarn>
      <LowerTempInfo>0</LowerTempInfo>
      <XPos>0</XPos>
      <YPos>0</YPos>
      <PlcMoveMesArr>
        <float>0</float>
        <float>0</float>
        <float>0</float>
        <float>0</float>
        <float>0</float>
        <float>0</float>
        <float>0</float>
        <float>0</float>
        <float>0</float>
        <float>0</float>
        <float>0</float>
        <float>0</float>
        <float>0</float>
        <float>0</float>
        <float>0</float>
        <float>0</float>
        <float>0</float>
        <float>0</float>
        <float>0</float>
        <float>0</float>
        <float>0</float>
        <float>0</float>
        <float>0</float>
        <float>0</float>
        <float>0</float>
        <float>0</float>
        <float>0</float>
        <float>0</float>
        <float>0</float>
        <float>0</float>
        <float>0</float>
        <float>0</float>
        <float>0</float>
        <float>0</float>
        <float>0</float>
        <float>0</float>
        <float>0</float>
        <float>0</float>
        <float>0</float>
        <float>0</float>
        <float>0</float>
        <float>0</float>
        <float>0</float>
        <float>0</float>
        <float>0</float>
        <float>0</float>
        <float>0</float>
        <float>0</float>
        <float>0</float>
        <float>0</float>
        <float>0</float>
        <float>0</float>
        <float>0</float>
        <float>0</float>
        <float>0</float>
        <float>0</float>
        <float>0</float>
        <float>0</float>
        <float>0</float>
        <float>0</float>
        <float>0</float>
        <float>0</float>
        <float>0</float>
        <float>0</float>
        <float>0</float>
        <float>0</float>
        <float>0</float>
        <float>0</float>
        <float>0</float>
        <float>0</float>
        <float>0</float>
        <float>0</float>
        <float>0</float>
        <float>0</float>
        <float>0</float>
        <float>0</float>
        <float>0</float>
        <float>0</float>
        <float>0</float>
        <float>0</float>
        <float>0</float>
        <float>0</float>
        <float>0</float>
        <float>0</float>
        <float>0</float>
        <float>0</float>
        <float>0</float>
        <float>0</float>
        <float>0</float>
        <float>0</float>
        <float>0</float>
        <float>0</float>
        <float>0</float>
        <float>0</float>
        <float>0</float>
        <float>0</float>
        <float>0</float>
        <float>0</float>
        <float>0</float>
        <float>0</float>
        <float>0</float>
        <float>0</float>
        <float>0</float>
        <float>0</float>
        <float>0</float>
        <float>0</float>
        <float>0</float>
        <float>0</float>
        <float>0</float>
        <float>0</float>
        <float>0</float>
        <float>0</float>
        <float>0</float>
        <float>0</float>
        <float>0</float>
        <float>0</float>
        <float>0</float>
        <float>0</float>
        <float>0</float>
        <float>0</float>
        <float>0</float>
        <float>0</float>
        <float>0</float>
        <float>0</float>
        <float>0</float>
        <float>0</float>
        <float>0</float>
        <float>0</float>
        <float>0</float>
        <float>0</float>
        <float>0</float>
        <float>0</float>
        <float>0</float>
        <float>0</float>
        <float>0</float>
        <float>0</float>
        <float>0</float>
        <float>0</float>
        <float>0</float>
        <float>0</float>
        <float>0</float>
        <float>0</float>
        <float>0</float>
        <float>0</float>
        <float>0</float>
        <float>0</float>
        <float>0</float>
        <float>0</float>
        <float>0</float>
        <float>0</float>
        <float>0</float>
        <float>0</float>
        <float>0</float>
        <float>0</float>
        <float>0</float>
        <float>0</float>
        <float>0</float>
        <float>0</float>
        <float>0</float>
        <float>0</float>
        <float>0</float>
        <float>0</float>
        <float>0</float>
        <float>0</float>
        <float>0</float>
        <float>0</float>
        <float>0</float>
        <float>0</float>
        <float>0</float>
        <float>0</float>
        <float>0</float>
        <float>0</float>
        <float>0</float>
        <float>0</float>
        <float>0</float>
        <float>0</float>
        <float>0</float>
        <float>0</float>
        <float>0</float>
        <float>0</float>
        <float>0</float>
        <float>0</float>
        <float>0</float>
        <float>0</float>
        <float>0</float>
        <float>0</float>
        <float>0</float>
        <float>0</float>
        <float>0</float>
        <float>0</float>
        <float>0</float>
        <float>0</float>
        <float>0</float>
        <float>0</float>
        <float>0</float>
        <float>0</float>
        <float>0</float>
        <float>0</float>
        <float>0</float>
        <float>0</float>
        <float>0</float>
        <float>0</float>
        <float>0</float>
        <float>0</float>
        <float>0</float>
        <float>0</float>
        <float>0</float>
        <float>0</float>
        <float>0</float>
        <float>0</float>
        <float>0</float>
        <float>0</float>
        <float>0</float>
        <float>0</float>
        <float>0</float>
        <float>0</float>
        <float>0</float>
        <float>0</float>
        <float>0</float>
        <float>0</float>
        <float>0</float>
        <float>0</float>
        <float>0</float>
        <float>0</float>
        <float>0</float>
        <float>0</float>
        <float>0</float>
        <float>0</float>
        <float>0</float>
        <float>0</float>
        <float>0</float>
        <float>0</float>
        <float>0</float>
        <float>0</float>
        <float>0</float>
        <float>0</float>
        <float>0</float>
        <float>0</float>
        <float>0</float>
        <float>0</float>
        <float>0</float>
        <float>0</float>
        <float>0</float>
        <float>0</float>
        <float>0</float>
        <float>0</float>
        <float>0</float>
        <float>0</float>
        <float>0</float>
        <float>0</float>
        <float>0</float>
        <float>0</float>
        <float>0</float>
        <float>0</float>
        <float>0</float>
        <float>0</float>
        <float>0</float>
        <float>0</float>
        <float>0</float>
        <float>0</float>
        <float>0</float>
        <float>0</float>
        <float>0</float>
        <float>0</float>
        <float>0</float>
        <float>0</float>
        <float>0</float>
        <float>0</float>
        <float>0</float>
        <float>0</float>
        <float>0</float>
        <float>0</float>
        <float>0</float>
        <float>0</float>
        <float>0</float>
        <float>0</float>
        <float>0</float>
        <float>0</float>
        <float>0</float>
        <float>0</float>
        <float>0</float>
        <float>0</float>
        <float>0</float>
        <float>0</float>
        <float>0</float>
        <float>0</float>
        <float>0</float>
        <float>0</float>
        <float>0</float>
        <float>0</float>
        <float>0</float>
        <float>0</float>
        <float>0</float>
        <float>0</float>
        <float>0</float>
        <float>0</float>
        <float>0</float>
        <float>0</float>
        <float>0</float>
        <float>0</float>
        <float>0</float>
      </PlcMoveMesArr>
      <MaxCraftTime>0</MaxCraftTime>
    </CellModelInfo>
    <CellModelInfo>
      <CellModelNum>eesd2</CellModelNum>
      <CellLength>23</CellLength>
      <CellWidth>12</CellWidth>
      <CellHeight>34</CellHeight>
      <JiErLength>45</JiErLength>
      <SideWidth>23</SideWidth>
      <AirWidth>21</AirWidth>
      <ScanType>反面</ScanType>
      <CellColor>黑色</CellColor>
      <CraftTime>56</CraftTime>
      <CraftTemp>60</CraftTemp>
      <HighTempWarn>45</HighTempWarn>
      <HighTempInfo>44</HighTempInfo>
      <LowerTempWarn>32</LowerTempWarn>
      <LowerTempInfo>14</LowerTempInfo>
      <XPos>0</XPos>
      <YPos>0</YPos>
      <PlcMoveMesArr>
        <float>0</float>
        <float>0</float>
        <float>0</float>
        <float>0</float>
        <float>0</float>
        <float>0</float>
        <float>0</float>
        <float>0</float>
        <float>0</float>
        <float>0</float>
        <float>0</float>
        <float>0</float>
        <float>0</float>
        <float>0</float>
        <float>0</float>
        <float>0</float>
        <float>0</float>
        <float>0</float>
        <float>0</float>
        <float>0</float>
        <float>0</float>
        <float>0</float>
        <float>0</float>
        <float>0</float>
        <float>1</float>
        <float>123574</float>
        <float>0</float>
        <float>0</float>
        <float>0</float>
        <float>0</float>
        <float>0</float>
        <float>0</float>
        <float>0</float>
        <float>0</float>
        <float>0</float>
        <float>0</float>
        <float>0</float>
        <float>0</float>
        <float>0</float>
        <float>0</float>
        <float>0</float>
        <float>0</float>
        <float>0</float>
        <float>0</float>
        <float>0</float>
        <float>0</float>
        <float>0</float>
        <float>0</float>
        <float>0</float>
        <float>0</float>
        <float>0</float>
        <float>0</float>
        <float>0</float>
        <float>0</float>
        <float>0</float>
        <float>0</float>
        <float>0</float>
        <float>0</float>
        <float>0</float>
        <float>0</float>
        <float>0</float>
        <float>0</float>
        <float>0</float>
        <float>0</float>
        <float>0</float>
        <float>0</float>
        <float>0</float>
        <float>0</float>
        <float>0</float>
        <float>0</float>
        <float>0</float>
        <float>0</float>
        <float>0</float>
        <float>0</float>
        <float>0</float>
        <float>0</float>
        <float>0</float>
        <float>0</float>
        <float>0</float>
        <float>0</float>
        <float>0</float>
        <float>0</float>
        <float>0</float>
        <float>0</float>
        <float>0</float>
        <float>0</float>
        <float>0</float>
        <float>0</float>
        <float>0</float>
        <float>0</float>
        <float>0</float>
        <float>0</float>
        <float>0</float>
        <float>0</float>
        <float>0</float>
        <float>0</float>
        <float>0</float>
        <float>0</float>
        <float>0</float>
        <float>0</float>
        <float>0</float>
        <float>0</float>
        <float>0</float>
        <float>0</float>
        <float>0</float>
        <float>0</float>
        <float>0</float>
        <float>0</float>
        <float>0</float>
        <float>0</float>
        <float>0</float>
        <float>0</float>
        <float>0</float>
        <float>0</float>
        <float>0</float>
        <float>0</float>
        <float>0</float>
        <float>0</float>
        <float>0</float>
        <float>0</float>
        <float>0</float>
        <float>0</float>
        <float>0</float>
        <float>0</float>
        <float>0</float>
        <float>0</float>
        <float>0</float>
        <float>0</float>
        <float>0</float>
        <float>0</float>
        <float>0</float>
        <float>0</float>
        <float>0</float>
        <float>0</float>
        <float>0</float>
        <float>0</float>
        <float>0</float>
        <float>0</float>
        <float>0</float>
        <float>0</float>
        <float>0</float>
        <float>0</float>
        <float>0</float>
        <float>0</float>
        <float>0</float>
        <float>0</float>
        <float>0</float>
        <float>0</float>
        <float>0</float>
        <float>0</float>
        <float>0</float>
        <float>0</float>
        <float>0</float>
        <float>0</float>
        <float>0</float>
        <float>0</float>
        <float>0</float>
        <float>0</float>
        <float>0</float>
        <float>0</float>
        <float>0</float>
        <float>0</float>
        <float>0</float>
        <float>0</float>
        <float>0</float>
        <float>0</float>
        <float>0</float>
        <float>0</float>
        <float>0</float>
        <float>0</float>
        <float>0</float>
        <float>0</float>
        <float>0</float>
        <float>0</float>
        <float>0</float>
        <float>0</float>
        <float>0</float>
        <float>0</float>
        <float>0</float>
        <float>0</float>
        <float>0</float>
        <float>0</float>
        <float>0</float>
        <float>0</float>
        <float>0</float>
        <float>0</float>
        <float>0</float>
        <float>0</float>
        <float>0</float>
        <float>0</float>
        <float>0</float>
        <float>0</float>
        <float>0</float>
        <float>0</float>
        <float>0</float>
        <float>0</float>
        <float>0</float>
        <float>0</float>
        <float>0</float>
        <float>0</float>
        <float>0</float>
        <float>0</float>
        <float>0</float>
        <float>0</float>
        <float>0</float>
        <float>0</float>
        <float>0</float>
        <float>0</float>
        <float>0</float>
        <float>0</float>
        <float>0</float>
        <float>0</float>
        <float>0</float>
        <float>0</float>
        <float>0</float>
        <float>0</float>
        <float>0</float>
        <float>0</float>
        <float>0</float>
        <float>0</float>
        <float>0</float>
        <float>0</float>
        <float>0</float>
        <float>0</float>
        <float>0</float>
        <float>0</float>
        <float>0</float>
        <float>0</float>
        <float>0</float>
        <float>0</float>
        <float>0</float>
        <float>0</float>
        <float>0</float>
        <float>0</float>
        <float>0</float>
        <float>0</float>
        <float>0</float>
        <float>0</float>
        <float>0</float>
        <float>0</float>
        <float>0</float>
        <float>0</float>
        <float>0</float>
        <float>0</float>
        <float>0</float>
        <float>0</float>
        <float>0</float>
        <float>0</float>
        <float>0</float>
        <float>0</float>
        <float>0</float>
        <float>0</float>
        <float>0</float>
        <float>0</float>
        <float>0</float>
        <float>0</float>
        <float>0</float>
        <float>0</float>
        <float>0</float>
        <float>0</float>
        <float>0</float>
        <float>0</float>
        <float>0</float>
        <float>0</float>
        <float>0</float>
        <float>0</float>
        <float>0</float>
        <float>0</float>
        <float>0</float>
        <float>0</float>
        <float>0</float>
        <float>0</float>
        <float>0</float>
        <float>0</float>
        <float>0</float>
        <float>0</float>
        <float>0</float>
        <float>0</float>
        <float>0</float>
        <float>0</float>
        <float>0</float>
        <float>0</float>
        <float>0</float>
        <float>0</float>
        <float>0</float>
        <float>0</float>
        <float>0</float>
        <float>0</float>
        <float>0</float>
        <float>0</float>
        <float>0</float>
        <float>0</float>
        <float>0</float>
        <float>0</float>
        <float>0</float>
        <float>0</float>
        <float>0</float>
        <float>0</float>
        <float>0</float>
        <float>0</float>
        <float>0</float>
      </PlcMoveMesArr>
      <MaxCraftTime>600</MaxCraftTime>
    </CellModelInfo>
    <CellModelInfo>
      <CellModelNum>4</CellModelNum>
      <CellLength>4</CellLength>
      <CellWidth>4</CellWidth>
      <CellHeight>4</CellHeight>
      <JiErLength>4</JiErLength>
      <SideWidth>4</SideWidth>
      <AirWidth>4</AirWidth>
      <ScanType>反面</ScanType>
      <CellColor>黑色</CellColor>
      <CraftTime>0</CraftTime>
      <CraftTemp>0</CraftTemp>
      <HighTempWarn>0</HighTempWarn>
      <HighTempInfo>0</HighTempInfo>
      <LowerTempWarn>0</LowerTempWarn>
      <LowerTempInfo>0</LowerTempInfo>
      <XPos>4</XPos>
      <YPos>4</YPos>
      <PlcMoveMesArr>
        <float>0</float>
        <float>0</float>
        <float>0</float>
        <float>0</float>
        <float>0</float>
        <float>0</float>
        <float>0</float>
        <float>0</float>
        <float>0</float>
        <float>0</float>
        <float>123</float>
        <float>0</float>
        <float>0</float>
        <float>0</float>
        <float>0</float>
        <float>0</float>
        <float>1</float>
        <float>0</float>
        <float>0</float>
        <float>0</float>
        <float>0</float>
        <float>0</float>
        <float>0</float>
        <float>0</float>
        <float>0</float>
        <float>12</float>
        <float>0</float>
        <float>0</float>
        <float>0</float>
        <float>0</float>
        <float>0</float>
        <float>0</float>
        <float>0</float>
        <float>0</float>
        <float>0</float>
        <float>0</float>
        <float>0</float>
        <float>0</float>
        <float>0</float>
        <float>0</float>
        <float>0</float>
        <float>0</float>
        <float>0</float>
        <float>0</float>
        <float>0</float>
        <float>0</float>
        <float>0</float>
        <float>0</float>
        <float>0</float>
        <float>0</float>
        <float>0</float>
        <float>0</float>
        <float>0</float>
        <float>0</float>
        <float>0</float>
        <float>0</float>
        <float>0</float>
        <float>0</float>
        <float>0</float>
        <float>0</float>
        <float>0</float>
        <float>0</float>
        <float>0</float>
        <float>0</float>
        <float>0</float>
        <float>0</float>
        <float>0</float>
        <float>0</float>
        <float>0</float>
        <float>0</float>
        <float>0</float>
        <float>0</float>
        <float>0</float>
        <float>0</float>
        <float>0</float>
        <float>0</float>
        <float>0</float>
        <float>0</float>
        <float>0</float>
        <float>0</float>
        <float>0</float>
        <float>0</float>
        <float>0</float>
        <float>0</float>
        <float>0</float>
        <float>0</float>
        <float>0</float>
        <float>0</float>
        <float>0</float>
        <float>0</float>
        <float>0</float>
        <float>0</float>
        <float>0</float>
        <float>0</float>
        <float>0</float>
        <float>0</float>
        <float>0</float>
        <float>0</float>
        <float>0</float>
        <float>0</float>
        <float>0</float>
        <float>0</float>
        <float>0</float>
        <float>0</float>
        <float>0</float>
        <float>0</float>
        <float>0</float>
        <float>0</float>
        <float>0</float>
        <float>0</float>
        <float>0</float>
        <float>0</float>
        <float>0</float>
        <float>0</float>
        <float>0</float>
        <float>0</float>
        <float>0</float>
        <float>0</float>
        <float>0</float>
        <float>0</float>
        <float>0</float>
        <float>0</float>
        <float>0</float>
        <float>0</float>
        <float>0</float>
        <float>0</float>
        <float>0</float>
        <float>0</float>
        <float>0</float>
        <float>0</float>
        <float>0</float>
        <float>0</float>
        <float>0</float>
        <float>0</float>
        <float>0</float>
        <float>0</float>
        <float>0</float>
        <float>0</float>
        <float>0</float>
        <float>0</float>
        <float>0</float>
        <float>0</float>
        <float>0</float>
        <float>0</float>
        <float>0</float>
        <float>0</float>
        <float>0</float>
        <float>0</float>
        <float>0</float>
        <float>0</float>
        <float>0</float>
        <float>0</float>
        <float>0</float>
        <float>0</float>
        <float>0</float>
        <float>0</float>
        <float>0</float>
        <float>0</float>
        <float>0</float>
        <float>0</float>
        <float>0</float>
        <float>0</float>
        <float>0</float>
        <float>0</float>
        <float>0</float>
        <float>0</float>
        <float>0</float>
        <float>0</float>
        <float>0</float>
        <float>0</float>
        <float>0</float>
        <float>0</float>
        <float>0</float>
        <float>0</float>
        <float>0</float>
        <float>0</float>
        <float>0</float>
        <float>0</float>
        <float>0</float>
        <float>0</float>
        <float>0</float>
        <float>0</float>
        <float>0</float>
        <float>0</float>
        <float>0</float>
        <float>0</float>
        <float>0</float>
        <float>0</float>
        <float>0</float>
        <float>0</float>
        <float>0</float>
        <float>0</float>
        <float>0</float>
        <float>0</float>
        <float>0</float>
        <float>0</float>
        <float>0</float>
        <float>0</float>
        <float>0</float>
        <float>0</float>
        <float>0</float>
        <float>0</float>
        <float>0</float>
        <float>0</float>
        <float>0</float>
        <float>0</float>
        <float>0</float>
        <float>0</float>
        <float>0</float>
        <float>0</float>
        <float>0</float>
        <float>0</float>
        <float>0</float>
        <float>0</float>
        <float>0</float>
        <float>0</float>
        <float>0</float>
        <float>0</float>
        <float>0</float>
        <float>0</float>
        <float>0</float>
        <float>0</float>
        <float>0</float>
        <float>0</float>
        <float>0</float>
        <float>0</float>
        <float>0</float>
        <float>0</float>
        <float>0</float>
        <float>0</float>
        <float>0</float>
        <float>0</float>
        <float>0</float>
        <float>0</float>
        <float>0</float>
        <float>0</float>
        <float>0</float>
        <float>0</float>
        <float>0</float>
        <float>0</float>
        <float>0</float>
        <float>0</float>
        <float>0</float>
        <float>0</float>
        <float>0</float>
        <float>0</float>
        <float>0</float>
        <float>0</float>
        <float>0</float>
        <float>0</float>
        <float>0</float>
        <float>0</float>
        <float>0</float>
        <float>0</float>
        <float>0</float>
        <float>0</float>
        <float>0</float>
        <float>0</float>
        <float>0</float>
        <float>0</float>
        <float>0</float>
        <float>0</float>
        <float>0</float>
        <float>0</float>
        <float>0</float>
        <float>0</float>
        <float>0</float>
        <float>0</float>
        <float>0</float>
        <float>0</float>
        <float>0</float>
        <float>0</float>
        <float>0</float>
        <float>0</float>
        <float>0</float>
        <float>0</float>
        <float>0</float>
        <float>0</float>
        <float>0</float>
        <float>0</float>
        <float>0</float>
        <float>0</float>
        <float>0</float>
        <float>0</float>
        <float>0</float>
        <float>0</float>
        <float>0</float>
        <float>0</float>
        <float>0</float>
        <float>0</float>
        <float>0</float>
        <float>0</float>
        <float>0</float>
        <float>0</float>
        <float>0</float>
        <float>0</float>
        <float>0</float>
        <float>0</float>
        <float>0</float>
        <float>0</float>
        <float>0</float>
      </PlcMoveMesArr>
      <MaxCraftTime>0</MaxCraftTime>
    </CellModelInfo>
  </ListModelInfo>
  <CurrentModel>
    <CellModelNum>eesd2</CellModelNum>
    <CellLength>23</CellLength>
    <CellWidth>12</CellWidth>
    <CellHeight>34</CellHeight>
    <JiErLength>45</JiErLength>
    <SideWidth>23</SideWidth>
    <AirWidth>21</AirWidth>
    <ScanType>反面</ScanType>
    <CellColor>黑色</CellColor>
    <CraftTime>56</CraftTime>
    <CraftTemp>60</CraftTemp>
    <HighTempWarn>45</HighTempWarn>
    <HighTempInfo>44</HighTempInfo>
    <LowerTempWarn>32</LowerTempWarn>
    <LowerTempInfo>14</LowerTempInfo>
    <XPos>0</XPos>
    <YPos>0</YPos>
    <PlcMoveMesArr>
      <float>0</float>
      <float>0</float>
      <float>0</float>
      <float>0</float>
      <float>0</float>
      <float>0</float>
      <float>0</float>
      <float>0</float>
      <float>0</float>
      <float>0</float>
      <float>0</float>
      <float>0</float>
      <float>0</float>
      <float>0</float>
      <float>0</float>
      <float>0</float>
      <float>0</float>
      <float>0</float>
      <float>0</float>
      <float>0</float>
      <float>0</float>
      <float>0</float>
      <float>0</float>
      <float>0</float>
      <float>1</float>
      <float>123574</float>
      <float>0</float>
      <float>0</float>
      <float>0</float>
      <float>0</float>
      <float>0</float>
      <float>0</float>
      <float>0</float>
      <float>0</float>
      <float>0</float>
      <float>0</float>
      <float>0</float>
      <float>0</float>
      <float>0</float>
      <float>0</float>
      <float>0</float>
      <float>0</float>
      <float>0</float>
      <float>0</float>
      <float>0</float>
      <float>0</float>
      <float>0</float>
      <float>0</float>
      <float>0</float>
      <float>0</float>
      <float>0</float>
      <float>0</float>
      <float>0</float>
      <float>0</float>
      <float>0</float>
      <float>0</float>
      <float>0</float>
      <float>0</float>
      <float>0</float>
      <float>0</float>
      <float>0</float>
      <float>0</float>
      <float>0</float>
      <float>0</float>
      <float>0</float>
      <float>0</float>
      <float>0</float>
      <float>0</float>
      <float>0</float>
      <float>0</float>
      <float>0</float>
      <float>0</float>
      <float>0</float>
      <float>0</float>
      <float>0</float>
      <float>0</float>
      <float>0</float>
      <float>0</float>
      <float>0</float>
      <float>0</float>
      <float>0</float>
      <float>0</float>
      <float>0</float>
      <float>0</float>
      <float>0</float>
      <float>0</float>
      <float>0</float>
      <float>0</float>
      <float>0</float>
      <float>0</float>
      <float>0</float>
      <float>0</float>
      <float>0</float>
      <float>0</float>
      <float>0</float>
      <float>0</float>
      <float>0</float>
      <float>0</float>
      <float>0</float>
      <float>0</float>
      <float>0</float>
      <float>0</float>
      <float>0</float>
      <float>0</float>
      <float>0</float>
      <float>0</float>
      <float>0</float>
      <float>0</float>
      <float>0</float>
      <float>0</float>
      <float>0</float>
      <float>0</float>
      <float>0</float>
      <float>0</float>
      <float>0</float>
      <float>0</float>
      <float>0</float>
      <float>0</float>
      <float>0</float>
      <float>0</float>
      <float>0</float>
      <float>0</float>
      <float>0</float>
      <float>0</float>
      <float>0</float>
      <float>0</float>
      <float>0</float>
      <float>0</float>
      <float>0</float>
      <float>0</float>
      <float>0</float>
      <float>0</float>
      <float>0</float>
      <float>0</float>
      <float>0</float>
      <float>0</float>
      <float>0</float>
      <float>0</float>
      <float>0</float>
      <float>0</float>
      <float>0</float>
      <float>0</float>
      <float>0</float>
      <float>0</float>
      <float>0</float>
      <float>0</float>
      <float>0</float>
      <float>0</float>
      <float>0</float>
      <float>0</float>
      <float>0</float>
      <float>0</float>
      <float>0</float>
      <float>0</float>
      <float>0</float>
      <float>0</float>
      <float>0</float>
      <float>0</float>
      <float>0</float>
      <float>0</float>
      <float>0</float>
      <float>0</float>
      <float>0</float>
      <float>0</float>
      <float>0</float>
      <float>0</float>
      <float>0</float>
      <float>0</float>
      <float>0</float>
      <float>0</float>
      <float>0</float>
      <float>0</float>
      <float>0</float>
      <float>0</float>
      <float>0</float>
      <float>0</float>
      <float>0</float>
      <float>0</float>
      <float>0</float>
      <float>0</float>
      <float>0</float>
      <float>0</float>
      <float>0</float>
      <float>0</float>
      <float>0</float>
      <float>0</float>
      <float>0</float>
      <float>0</float>
      <float>0</float>
      <float>0</float>
      <float>0</float>
      <float>0</float>
      <float>0</float>
      <float>0</float>
      <float>0</float>
      <float>0</float>
      <float>0</float>
      <float>0</float>
      <float>0</float>
      <float>0</float>
      <float>0</float>
      <float>0</float>
      <float>0</float>
      <float>0</float>
      <float>0</float>
      <float>0</float>
      <float>0</float>
      <float>0</float>
      <float>0</float>
      <float>0</float>
      <float>0</float>
      <float>0</float>
      <float>0</float>
      <float>0</float>
      <float>0</float>
      <float>0</float>
      <float>0</float>
      <float>0</float>
      <float>0</float>
      <float>0</float>
      <float>0</float>
      <float>0</float>
      <float>0</float>
      <float>0</float>
      <float>0</float>
      <float>0</float>
      <float>0</float>
      <float>0</float>
      <float>0</float>
      <float>0</float>
      <float>0</float>
      <float>0</float>
      <float>0</float>
      <float>0</float>
      <float>0</float>
      <float>0</float>
      <float>0</float>
      <float>0</float>
      <float>0</float>
      <float>0</float>
      <float>0</float>
      <float>0</float>
      <float>0</float>
      <float>0</float>
      <float>0</float>
      <float>0</float>
      <float>0</float>
      <float>0</float>
      <float>0</float>
      <float>0</float>
      <float>0</float>
      <float>0</float>
      <float>0</float>
      <float>0</float>
      <float>0</float>
      <float>0</float>
      <float>0</float>
      <float>0</float>
      <float>0</float>
      <float>0</float>
      <float>0</float>
      <float>0</float>
      <float>0</float>
      <float>0</float>
      <float>0</float>
      <float>0</float>
      <float>0</float>
      <float>0</float>
      <float>0</float>
      <float>0</float>
      <float>0</float>
      <float>0</float>
      <float>0</float>
      <float>0</float>
      <float>0</float>
      <float>0</float>
      <float>0</float>
      <float>0</float>
      <float>0</float>
      <float>0</float>
      <float>0</float>
      <float>0</float>
      <float>0</float>
      <float>0</float>
      <float>0</float>
      <float>0</float>
      <float>0</float>
      <float>0</float>
      <float>0</float>
      <float>0</float>
      <float>0</float>
      <float>0</float>
      <float>0</float>
      <float>0</float>
      <float>0</float>
      <float>0</float>
      <float>0</float>
      <float>0</float>
      <float>0</float>
      <float>0</float>
      <float>0</float>
    </PlcMoveMesArr>
    <MaxCraftTime>600</MaxCraftTime>
  </CurrentModel>
</SaveData>