<?xml version="1.0"?>
<ArrayOfSaveStation xmlns:xsi="http://www.w3.org/2001/XMLSchema-instance" xmlns:xsd="http://www.w3.org/2001/XMLSchema">
  <SaveStation>
    <StationName>上料位</StationName>
    <StationNum>1001</StationNum>
    <stationType>LoadUnLoadStation</stationType>
  </SaveStation>
  <SaveStation>
    <StationName>腔体一</StationName>
    <StationNum>1002</StationNum>
    <stationType>ChenhuaLuStation</stationType>
  </SaveStation>
  <SaveStation>
    <StationName>腔体二</StationName>
    <StationNum>1003</StationNum>
    <stationType>ChenhuaLuStation</stationType>
  </SaveStation>
  <SaveStation>
    <StationName>腔体三</StationName>
    <StationNum>1004</StationNum>
    <stationType>ChenhuaLuStation</stationType>
  </SaveStation>
  <SaveStation>
    <StationName>腔体四</StationName>
    <StationNum>1005</StationNum>
    <stationType>ChenhuaLuStation</stationType>
  </SaveStation>
  <SaveStation>
    <StationName>腔体五</StationName>
    <StationNum>1006</StationNum>
    <stationType>ChenhuaLuStation</stationType>
  </SaveStation>
  <SaveStation>
    <StationName>腔体六</StationName>
    <StationNum>1007</StationNum>
    <stationType>ChenhuaLuStation</stationType>
  </SaveStation>
  <SaveStation>
    <StationName>下料位</StationName>
    <StationNum>1008</StationNum>
    <stationType>LoadUnLoadStation</stationType>
  </SaveStation>
</ArrayOfSaveStation>