<?xml version="1.0"?>
<ArrayOfSaveStation xmlns:xsi="http://www.w3.org/2001/XMLSchema-instance" xmlns:xsd="http://www.w3.org/2001/XMLSchema">
  <SaveStation>
    <StationName>上料位</StationName>
    <StationNum>1001</StationNum>
    <stationType>LoadUnLoadStation</stationType>
  </SaveStation>
  <SaveStation>
    <StationName>前摆渡</StationName>
    <StationNum>1002</StationNum>
    <stationType>TransferStation</stationType>
  </SaveStation>
  <SaveStation>
    <StationName>后摆渡</StationName>
    <StationNum>1006</StationNum>
    <stationType>TransferStation</stationType>
  </SaveStation>
  <SaveStation>
    <StationName>下料位</StationName>
    <StationNum>1007</StationNum>
    <stationType>LoadUnLoadStation</stationType>
  </SaveStation>
  <SaveStation>
    <StationName>待上料</StationName>
    <StationNum>1008</StationNum>
    <stationType>TransferStation</stationType>
  </SaveStation>
  <SaveStation>
    <StationName>预热腔</StationName>
    <StationNum>1003</StationNum>
    <stationType>CommonCavityStation</stationType>
  </SaveStation>
  <SaveStation>
    <StationName>真空一</StationName>
    <StationNum>1004</StationNum>
    <stationType>VacuumCavityStation</stationType>
  </SaveStation>
  <SaveStation>
    <StationName>真空二</StationName>
    <StationNum>1005</StationNum>
    <stationType>VacuumCavityStation</stationType>
  </SaveStation>
</ArrayOfSaveStation>